--
-- PostgreSQL database dump
--

-- Dumped from database version 16.6 (Ubuntu 16.6-0ubuntu0.24.04.1)
-- Dumped by pg_dump version 16.3 (Ubuntu 16.3-0ubuntu0.24.04.1)

SET statement_timeout = 0;
SET lock_timeout = 0;
SET idle_in_transaction_session_timeout = 0;
SET client_encoding = 'UTF8';
SET standard_conforming_strings = on;
SELECT pg_catalog.set_config('search_path', '', false);
SET check_function_bodies = false;
SET xmloption = content;
SET client_min_messages = warning;
SET row_security = off;

--
-- Name: postgis; Type: EXTENSION; Schema: -; Owner: -
--

CREATE EXTENSION IF NOT EXISTS postgis WITH SCHEMA public;


--
-- Name: EXTENSION postgis; Type: COMMENT; Schema: -; Owner: 
--

COMMENT ON EXTENSION postgis IS 'PostGIS geometry and geography spatial types and functions';


SET default_tablespace = '';

SET default_table_access_method = heap;

--
-- Name: alerts_alert; Type: TABLE; Schema: public; Owner: parkalerts_dev
--

CREATE TABLE public.alerts_alert (
    id bigint NOT NULL,
    title character varying(200) NOT NULL,
    alert_type_id bigint NOT NULL,
    location_id bigint NOT NULL,
    details text NOT NULL,
    start_date timestamp with time zone NOT NULL,
    end_date timestamp with time zone,
    published boolean NOT NULL,
    publish_date timestamp with time zone,
    attachment character varying(100),
    kml_file character varying(100),
    affected_sites text,
    website_link text
);


ALTER TABLE public.alerts_alert OWNER TO parkalerts_dev;

--
-- Name: alerts_alert_id_seq; Type: SEQUENCE; Schema: public; Owner: parkalerts_dev
--

ALTER TABLE public.alerts_alert ALTER COLUMN id ADD GENERATED BY DEFAULT AS IDENTITY (
    SEQUENCE NAME public.alerts_alert_id_seq
    START WITH 1
    INCREMENT BY 1
    NO MINVALUE
    NO MAXVALUE
    CACHE 1
);


--
-- Name: alerts_alerttype; Type: TABLE; Schema: public; Owner: parkalerts_dev
--

CREATE TABLE public.alerts_alerttype (
    id bigint NOT NULL,
    name character varying(100) NOT NULL,
    description text NOT NULL,
    create_date timestamp with time zone NOT NULL,
    created_by character varying(100) NOT NULL,
    icon_url character varying(200) NOT NULL,
    slug character varying(50) NOT NULL,
    status character varying(50) NOT NULL
);


ALTER TABLE public.alerts_alerttype OWNER TO parkalerts_dev;

--
-- Name: alerts_alerttype_id_seq; Type: SEQUENCE; Schema: public; Owner: parkalerts_dev
--

ALTER TABLE public.alerts_alerttype ALTER COLUMN id ADD GENERATED BY DEFAULT AS IDENTITY (
    SEQUENCE NAME public.alerts_alerttype_id_seq
    START WITH 1
    INCREMENT BY 1
    NO MINVALUE
    NO MAXVALUE
    CACHE 1
);


--
-- Name: alerts_contact; Type: TABLE; Schema: public; Owner: parkalerts_dev
--

CREATE TABLE public.alerts_contact (
    "ContactId" integer NOT NULL,
    "OfficeName" character varying(255) NOT NULL,
    "Email" character varying(254) NOT NULL,
    "Phone" character varying(50) NOT NULL,
    "Address" text NOT NULL,
    "OfficeHours" text NOT NULL,
    "CreateDate" timestamp with time zone NOT NULL,
    "CreatedBy" character varying(100) NOT NULL,
    "LastUpdate" timestamp with time zone,
    "UpdatedBy" character varying(100)
);


ALTER TABLE public.alerts_contact OWNER TO parkalerts_dev;

--
-- Name: alerts_contact_contact_id_seq; Type: SEQUENCE; Schema: public; Owner: parkalerts_dev
--

ALTER TABLE public.alerts_contact ALTER COLUMN "ContactId" ADD GENERATED BY DEFAULT AS IDENTITY (
    SEQUENCE NAME public.alerts_contact_contact_id_seq
    START WITH 1
    INCREMENT BY 1
    NO MINVALUE
    NO MAXVALUE
    CACHE 1
);


--
-- Name: alerts_location_parkid_seq; Type: SEQUENCE; Schema: public; Owner: parkalerts_dev
--

CREATE SEQUENCE public.alerts_location_parkid_seq
    START WITH 1
    INCREMENT BY 1
    NO MINVALUE
    NO MAXVALUE
    CACHE 1;


ALTER SEQUENCE public.alerts_location_parkid_seq OWNER TO parkalerts_dev;

--
-- Name: alerts_location; Type: TABLE; Schema: public; Owner: parkalerts_dev
--

CREATE TABLE public.alerts_location (
    parkid integer DEFAULT nextval('public.alerts_location_parkid_seq'::regclass) NOT NULL,
    rprkid integer,
    name character varying(100),
    tenure character varying(100),
    region character varying(100),
    district character varying(100),
    longitude double precision,
    latitude double precision,
    status character varying(50),
    createdate timestamp without time zone,
    createdby character varying(100),
    contactid integer
);


ALTER TABLE public.alerts_location OWNER TO parkalerts_dev;

--
-- Name: auth_group; Type: TABLE; Schema: public; Owner: parkalerts_dev
--

CREATE TABLE public.auth_group (
    id integer NOT NULL,
    name character varying(150) NOT NULL
);


ALTER TABLE public.auth_group OWNER TO parkalerts_dev;

--
-- Name: auth_group_id_seq; Type: SEQUENCE; Schema: public; Owner: parkalerts_dev
--

ALTER TABLE public.auth_group ALTER COLUMN id ADD GENERATED BY DEFAULT AS IDENTITY (
    SEQUENCE NAME public.auth_group_id_seq
    START WITH 1
    INCREMENT BY 1
    NO MINVALUE
    NO MAXVALUE
    CACHE 1
);


--
-- Name: auth_group_permissions; Type: TABLE; Schema: public; Owner: parkalerts_dev
--

CREATE TABLE public.auth_group_permissions (
    id bigint NOT NULL,
    group_id integer NOT NULL,
    permission_id integer NOT NULL
);


ALTER TABLE public.auth_group_permissions OWNER TO parkalerts_dev;

--
-- Name: auth_group_permissions_id_seq; Type: SEQUENCE; Schema: public; Owner: parkalerts_dev
--

ALTER TABLE public.auth_group_permissions ALTER COLUMN id ADD GENERATED BY DEFAULT AS IDENTITY (
    SEQUENCE NAME public.auth_group_permissions_id_seq
    START WITH 1
    INCREMENT BY 1
    NO MINVALUE
    NO MAXVALUE
    CACHE 1
);


--
-- Name: auth_permission; Type: TABLE; Schema: public; Owner: parkalerts_dev
--

CREATE TABLE public.auth_permission (
    id integer NOT NULL,
    name character varying(255) NOT NULL,
    content_type_id integer NOT NULL,
    codename character varying(100) NOT NULL
);


ALTER TABLE public.auth_permission OWNER TO parkalerts_dev;

--
-- Name: auth_permission_id_seq; Type: SEQUENCE; Schema: public; Owner: parkalerts_dev
--

ALTER TABLE public.auth_permission ALTER COLUMN id ADD GENERATED BY DEFAULT AS IDENTITY (
    SEQUENCE NAME public.auth_permission_id_seq
    START WITH 1
    INCREMENT BY 1
    NO MINVALUE
    NO MAXVALUE
    CACHE 1
);


--
-- Name: auth_user; Type: TABLE; Schema: public; Owner: parkalerts_dev
--

CREATE TABLE public.auth_user (
    id integer NOT NULL,
    password character varying(128) NOT NULL,
    last_login timestamp with time zone,
    is_superuser boolean NOT NULL,
    username character varying(150) NOT NULL,
    first_name character varying(150) NOT NULL,
    last_name character varying(150) NOT NULL,
    email character varying(254) NOT NULL,
    is_staff boolean NOT NULL,
    is_active boolean NOT NULL,
    date_joined timestamp with time zone NOT NULL
);


ALTER TABLE public.auth_user OWNER TO parkalerts_dev;

--
-- Name: auth_user_groups; Type: TABLE; Schema: public; Owner: parkalerts_dev
--

CREATE TABLE public.auth_user_groups (
    id bigint NOT NULL,
    user_id integer NOT NULL,
    group_id integer NOT NULL
);


ALTER TABLE public.auth_user_groups OWNER TO parkalerts_dev;

--
-- Name: auth_user_groups_id_seq; Type: SEQUENCE; Schema: public; Owner: parkalerts_dev
--

ALTER TABLE public.auth_user_groups ALTER COLUMN id ADD GENERATED BY DEFAULT AS IDENTITY (
    SEQUENCE NAME public.auth_user_groups_id_seq
    START WITH 1
    INCREMENT BY 1
    NO MINVALUE
    NO MAXVALUE
    CACHE 1
);


--
-- Name: auth_user_id_seq; Type: SEQUENCE; Schema: public; Owner: parkalerts_dev
--

ALTER TABLE public.auth_user ALTER COLUMN id ADD GENERATED BY DEFAULT AS IDENTITY (
    SEQUENCE NAME public.auth_user_id_seq
    START WITH 1
    INCREMENT BY 1
    NO MINVALUE
    NO MAXVALUE
    CACHE 1
);


--
-- Name: auth_user_user_permissions; Type: TABLE; Schema: public; Owner: parkalerts_dev
--

CREATE TABLE public.auth_user_user_permissions (
    id bigint NOT NULL,
    user_id integer NOT NULL,
    permission_id integer NOT NULL
);


ALTER TABLE public.auth_user_user_permissions OWNER TO parkalerts_dev;

--
-- Name: auth_user_user_permissions_id_seq; Type: SEQUENCE; Schema: public; Owner: parkalerts_dev
--

ALTER TABLE public.auth_user_user_permissions ALTER COLUMN id ADD GENERATED BY DEFAULT AS IDENTITY (
    SEQUENCE NAME public.auth_user_user_permissions_id_seq
    START WITH 1
    INCREMENT BY 1
    NO MINVALUE
    NO MAXVALUE
    CACHE 1
);


--
-- Name: contacts; Type: TABLE; Schema: public; Owner: parkalerts_dev
--

CREATE TABLE public.contacts (
    contactid integer NOT NULL,
    officename text NOT NULL,
    email text NOT NULL,
    phone text NOT NULL,
    address text NOT NULL,
    officehours text NOT NULL,
    createdate timestamp without time zone DEFAULT CURRENT_TIMESTAMP,
    createdby text NOT NULL,
    lastupdate timestamp without time zone,
    updatedby text
);


ALTER TABLE public.contacts OWNER TO parkalerts_dev;

--
-- Name: django_admin_log; Type: TABLE; Schema: public; Owner: parkalerts_dev
--

CREATE TABLE public.django_admin_log (
    id integer NOT NULL,
    action_time timestamp with time zone NOT NULL,
    object_id text,
    object_repr character varying(200) NOT NULL,
    action_flag smallint NOT NULL,
    change_message text NOT NULL,
    content_type_id integer,
    user_id integer NOT NULL,
    CONSTRAINT django_admin_log_action_flag_check CHECK ((action_flag >= 0))
);


ALTER TABLE public.django_admin_log OWNER TO parkalerts_dev;

--
-- Name: django_admin_log_id_seq; Type: SEQUENCE; Schema: public; Owner: parkalerts_dev
--

ALTER TABLE public.django_admin_log ALTER COLUMN id ADD GENERATED BY DEFAULT AS IDENTITY (
    SEQUENCE NAME public.django_admin_log_id_seq
    START WITH 1
    INCREMENT BY 1
    NO MINVALUE
    NO MAXVALUE
    CACHE 1
);


--
-- Name: django_content_type; Type: TABLE; Schema: public; Owner: parkalerts_dev
--

CREATE TABLE public.django_content_type (
    id integer NOT NULL,
    app_label character varying(100) NOT NULL,
    model character varying(100) NOT NULL
);


ALTER TABLE public.django_content_type OWNER TO parkalerts_dev;

--
-- Name: django_content_type_id_seq; Type: SEQUENCE; Schema: public; Owner: parkalerts_dev
--

ALTER TABLE public.django_content_type ALTER COLUMN id ADD GENERATED BY DEFAULT AS IDENTITY (
    SEQUENCE NAME public.django_content_type_id_seq
    START WITH 1
    INCREMENT BY 1
    NO MINVALUE
    NO MAXVALUE
    CACHE 1
);


--
-- Name: django_migrations; Type: TABLE; Schema: public; Owner: parkalerts_dev
--

CREATE TABLE public.django_migrations (
    id bigint NOT NULL,
    app character varying(255) NOT NULL,
    name character varying(255) NOT NULL,
    applied timestamp with time zone NOT NULL
);


ALTER TABLE public.django_migrations OWNER TO parkalerts_dev;

--
-- Name: django_migrations_id_seq; Type: SEQUENCE; Schema: public; Owner: parkalerts_dev
--

ALTER TABLE public.django_migrations ALTER COLUMN id ADD GENERATED BY DEFAULT AS IDENTITY (
    SEQUENCE NAME public.django_migrations_id_seq
    START WITH 1
    INCREMENT BY 1
    NO MINVALUE
    NO MAXVALUE
    CACHE 1
);


--
-- Name: django_session; Type: TABLE; Schema: public; Owner: parkalerts_dev
--

CREATE TABLE public.django_session (
    session_key character varying(40) NOT NULL,
    session_data text NOT NULL,
    expire_date timestamp with time zone NOT NULL
);


ALTER TABLE public.django_session OWNER TO parkalerts_dev;

--
-- Data for Name: alerts_alert; Type: TABLE DATA; Schema: public; Owner: parkalerts_dev
--

COPY public.alerts_alert (id, title, alert_type_id, location_id, details, start_date, end_date, published, publish_date, attachment, kml_file, affected_sites, website_link) FROM stdin;
3	TRAIL DIVERSION - Beedelup National Park - Charnwood - Map 5a	1	31	<p>A 5.4km section of the Bibbulmun Track is closed due to significant bridge damage caused by a large fallen tree.A temporary 3.7km diversion is in place along Carey Road.</p>\r\n<p>A diversion map is available to download.</p>	2024-08-13 10:57:00+08	\N	t	2024-08-13 10:57:00+08	attachments/BT_Diversion_Charnwood_-_Overview_3lbNOck.pdf	map_layers/BT-TempDiv-BeedelupNP_Ra7MbgF.kml	<p><strong>&nbsp;</strong>Carey Brook Bridge - Bibbulmun Track</p>	
4	ROADS CLOSED - Coalseam Conservation Park	10	118	<p class="MsoPlainText">Due to recent wet weather, unsealed roads with Coalseam Conservation Park are currently closed to all vehicles excluding 4WD's.</p>\r\n<p class="MsoPlainText">From Saturday 10 August 2024, please be advised Miners Campground in Coalseam Conservation Park will be closed until further notice.</p>	2024-08-16 11:39:00+08	2024-08-18 11:39:00+08	t	2024-08-13 11:39:00+08			<p>Coalseam Conservation Park</p>	
5	CLOSED - Lucky Bay Campground - Kalbarri	9	271	<p>Lucky Bay Campground in Kalbarri is closed due to low level flooding in the area until further notice.</p>	2024-08-17 12:01:00+08	\N	t	2024-08-13 12:01:00+08			<p><strong>&nbsp;</strong>Lucky Bay Campground Kalbarri</p>	
6	MAINTENANCE - Cape to Cape Track	2	310	<p>Essential upgrade works will be commencing on the Cape to Cape Track with the first section of works between Cape Naturaliste and Sugarloaf Rock from August to September 2024. These improvements are part of our ongoing commitment to enhance the safety and enjoyment of this iconic track. During this period, diversions will be in place to ensure the safety of walkers.</p>	2024-08-13 13:46:00+08	\N	t	2024-08-13 13:46:00+08			<p>Cape to Cape Track</p>	
7	CLOSED - Stockton Lake and Campgrounds	8	564	<p>Stockton Lake and campgrounds will be closed on Wednesday 21 August and Thursday 22 August, due to ongoing operations in the area.</p>	2024-08-21 13:54:00+08	2024-08-22 13:54:00+08	t	2024-08-13 13:54:00+08				
9	DIVERSION - Boorara-Gardner National Park - Map 6a	1	57	<p>A 4km section of the Bibbulmun Track is closed due to bridge damage caused by recent severe weather.</p>\r\n<p>A 4.9km diversion is in place.</p>\r\n<p>The original route will remain closed until the bridge can be repaired.</p>\r\n<p>Walkers should be aware of vehicles travelling along Andrews Road.</p>\r\n<p>For your safety, stay on the marked diversion, adhere to and follow all signage and instructions from Parks and Wildlife staff.</p>\r\n<p>For more information, contact the Parks and Wildlife Service Pemberton office on (08) 9776 1207.</p>	2024-09-11 10:39:00+08	\N	t	2024-09-11 10:38:00+08	attachments/BGNP-Diversion_8hpVkW9.pdf	map_layers/Diversion-V1-BGNP.kml	<p>Bibbulmun Track - Gardner River, Boorara-Gardner National Park</p>	
11	Campfires alert	35	14	<p>Campfires are now allowed</p>	2024-11-07 08:12:00+08	2024-11-30 08:12:00+08	t	2024-11-07 08:12:00+08				
1	ROAD CLOSED - Bob's Crossing - Lane Poole Reserve	10	306	<p>Bob's Crossing within Lane Poole Reserve is closed due to water levels of the river. Water is flowing over the crossing making it unsafe to cross</p>	2024-08-13 08:06:00+08	\N	f	2024-08-13 08:06:00+08			<p>Bob's Crossing</p>	
12	SITES CLOSED - Karijini National Park	9	276	<p>To ensure visitor safety during road works, sites within the Dales Recreation Area including Fortescue Falls, Fern Pool, Dales Campground and Circular Pool day use site and lookout will be closed.</p>\r\n<p>&nbsp;</p>\r\n<p>During this time, the Overflow Campground, Karijini Visitor Centre, Kalamina Gorge, Knox Lookout and Gorge walk, Joffre Lookout and Gorge walk and Karijini Eco Retreat remain open, subject to weather conditions and seasonal closures.</p>\r\n<p>For more information, please contact the Parks and Wildlife Service Karratha office on (08) 9182 2000</p>	2024-11-16 14:30:00+08	2024-11-18 14:30:00+08	f	2024-11-11 14:30:00+08			<p>Fortescue Falls, Fern Pool, Dales Campground and Circular Pool</p>	
\.


--
-- Data for Name: alerts_alerttype; Type: TABLE DATA; Schema: public; Owner: parkalerts_dev
--

COPY public.alerts_alerttype (id, name, description, create_date, created_by, icon_url, slug, status) FROM stdin;
1	Bibbulmun Track	Bibbulmun Track closures	2024-08-12 16:13:46.09571+08	Admin	images/icon-map-bibbulmun-track.png	bibbulmun-track	Active
2	Cape to Cape Track	Cape to Cape closures	2024-08-12 16:13:46.101103+08	Admin	images/icon-map-cape2cape-track.png	cape-to-cape-track	Active
3	Commercial Operators Alert (NP)	Commercial operators alerts and notifications only used for email	2024-08-12 16:13:46.103963+08	Admin	images/email.png	commercial-operators-alert-np	Active
4	Crocodile Alerts	Crocodile alerts	2024-08-12 16:13:46.106781+08	Admin	images/icon-map-crocodile-alert.png	crocodile-alerts	Active
5	Jetski Alert	Jetski alerts	2024-08-12 16:13:46.109028+08	Admin	images/icon-map-riverparks-alert4.png	jetski-alert	Active
6	Munda Biddi Trail	Munda Biddi Trail closures and diversions.	2024-08-12 16:13:46.111915+08	Admin	images/icon-map-munda-biddi.png	munda-biddi-trail	Active
7	Other Trail Closures and Diversions	Trail closures and diversions on long trails	2024-08-12 16:13:46.115625+08	Admin	images/icon-map-hiking-orange.png	other-trail-closures-diversions	Active
8	Park Closures	Parks that are temporarily closed	2024-08-12 16:13:46.118402+08	Admin	images/icon-map-park-closure-final.png	park-closures	Active
9	Park Notification	General park notifications	2024-08-12 16:13:46.120591+08	Admin	images/park-notification-1.png	park-notification	Active
10	Park Road Closures	Park road closures	2024-08-12 16:13:46.122984+08	Admin	images/icon-map-car.png	park-road-closures	Active
11	Riverpark Alerts	Swan-Canning Riverpark alerts	2024-08-12 16:13:46.125287+08	Admin	images/icon-map-riverparks-alert4.png	riverpark-alerts	Active
12	Smoke Alerts	Smoke alerts	2024-08-12 16:13:46.127536+08	Admin	images/icon-map-smoke-1.png	smoke-alerts	Active
35	Campfire Notification	Campfire notifications	2024-11-06 11:45:14.140068+08	Admin	images/campfire-icon.png	campfire-notification	Active
\.


--
-- Data for Name: alerts_contact; Type: TABLE DATA; Schema: public; Owner: parkalerts_dev
--

COPY public.alerts_contact ("ContactId", "OfficeName", "Email", "Phone", "Address", "OfficeHours", "CreateDate", "CreatedBy", "LastUpdate", "UpdatedBy") FROM stdin;
\.


--
-- Data for Name: alerts_location; Type: TABLE DATA; Schema: public; Owner: parkalerts_dev
--

COPY public.alerts_location (parkid, rprkid, name, tenure, region, district, longitude, latitude, status, createdate, createdby, contactid) FROM stdin;
2	1082	Alexander Morrison	National Park	Australia's Coral Coast	Cervantes & Jurien Bay	115.5800018	-30.05089951	Active	\N	\N	16
3	709	Avon Valley	National Park	Experience Perth	Perth Hills	116.2210007	-31.61030006	Active	\N	\N	20
4	406	Badgingarra	National Park	Australia's Coral Coast	Cervantes & Jurien Bay	115.4609985	-30.39889908	Active	\N	\N	16
5	1043	Banyowla	Regional Park	Experience Perth	Perth Hills	116.0250015	-32.08539963	Active	\N	\N	27
6	1131	Barrow Island	Marine Park	Australia's North West	Pilbara	115.322998	-20.75880051	Active	\N	\N	18
7	901	Beeliar	Regional Park	Experience Perth	Perth Coast & Plain	115.8399963	-32.21730042	Active	\N	\N	27
8	1045	Beelu	National Park	Experience Perth	Perth Hills	116.1429977	-31.94140053	Active	\N	\N	11
9	10003	Bibbulmun Track Blackwood	\N	South West	Blackwood	115.9840012	-33.78689957	Active	\N	\N	5
10	10002	Bibbulmun Track Collie	\N	South West	Wellington	116.1500015	-33.35910034	Active	\N	\N	13
11	10000	Bibbulmun Track Darling Range	\N	Swan	Perth Hills	116.060997	-31.97310066	Active	\N	\N	20
12	10008	Bibbulmun Track Denmark Albany	\N	South Coast	Albany	117.3659973	-34.9693985	Active	\N	\N	3
13	10004	Bibbulmun Track Donnelly River	\N	Australia's South West	Southern Forests - Pemberton	115.9779968	-34.10250092	Active	\N	\N	23
14	10001	Bibbulmun Track Dwellingup	\N	Swan	Perth Hills	116.0630035	-32.71179962	Active	\N	\N	20
15	10006	Bibbulmun Track Northcliffe	\N	Australia's South West	Southern Forests - Pemberton	116.1240005	-34.6332016	Active	\N	\N	23
16	10005	Bibbulmun Track Pemberton	\N	Australia's South West	Southern Forests - Pemberton	116.0329971	-34.44609833	Active	\N	\N	23
17	10007	Bibbulmun Track Walpole	\N	Australia's South West	Southern Forests - Walpole Wilderness	116.7279968	-34.9754982	Active	\N	\N	26
18	541	Big Brook	State Forest	Australia's South West	Southern Forests - Pemberton	116.0070038	-34.39139938	Active	\N	\N	23
19	35	Blackwood River	National Park	Australia's South West	South West Capes & Blackwood River Valley	115.3570023	-34.07109833	Active	\N	\N	5
20	181	Boorabbin	National Park	Australia's Golden Outback	Kalgoorlie & Goldfields	120.1650009	-31.23329926	Active	\N	\N	17
21	531	Boorara - Gardner	National Park	Australia's South West	Southern Forests - Pemberton	116.2600021	-34.69010162	Active	\N	\N	23
22	166	Boyagin	Nature Reserve	Australia's Golden Outback	Wheatbelt	116.8879852	-32.47159958	Active	\N	\N	22
23	37	Wooditjup	National Park	Australia's South West	South West Capes & Blackwood River Valley	115.1149979	-33.95949936	Active	\N	\N	5
24	187	Burra	Conservation Park	Australia's Golden Outback	Kalgoorlie & Goldfields	121.1969986	-31.3885994	Active	\N	\N	17
25	866	Canning River	Regional Park	Experience Perth	Perth Coast & Plain	115.9280014	-32.02170181	Active	\N	\N	27
26	334	Cape Arid	National Park	Australia's Golden Outback	Esperance & South East Coast	123.3690033	-33.51900101	Active	\N	\N	14
27	333	Cape Le Grand	National Park	Australia's Golden Outback	Esperance & South East Coast	122.2210007	-33.95190048	Active	\N	\N	14
28	410	Cape Range	National Park	Australia's Coral Coast	Ningaloo Coast World Heritage Area	113.8679962	-22.15870094	Active	\N	\N	8
29	885	Carnac Island	Nature Reserve	Experience Perth	Perth Coast & Plain	115.663002	-32.12179947	Active	\N	\N	25
30	703	Coalseam	Conservation Park	Australia's Coral Coast	Cervantes & Jurien Bay	115.5540009	-28.96279907	Active	\N	\N	15
31	429	Collier Range	National Park	Australia's North West	Pilbara	119.0719986	-24.65189934	Active	\N	\N	18
32	1060	Credo	former pastoral lease	Australia's Golden Outback	Kalgoorlie & Goldfields	120.7779999	-30.36520004	Active	\N	\N	17
33	561	D'Entrecasteaux	National Park	Australia's South West	Southern Forests - Pemberton	116.0270004	-34.77899933	Active	\N	\N	23
34	109	Dalgarup	National Park	Australia's South West	South West Capes & Blackwood River Valley	115.9840012	-33.98469925	Active	\N	\N	5
35	423	Dampier Archipelago	Island Reserves	Australia's North West	Pilbara	116.6200027	-20.55949974	Active	\N	\N	18
36	503	Diamond	State Forest	Australia's South West	Southern Forests - Pemberton	116.1220016	-34.31919861	Active	\N	\N	23
37	1052	Dirk Hartog Island	National Park	Australia's Coral Coast	Shark Bay World Heritage Area	113.052002	-25.82600021	Active	\N	\N	24
38	1081	Drovers Cave	National Park	Australia's Coral Coast	Cervantes & Jurien Bay	115.0920029	-30.23390007	Active	\N	\N	16
39	128	Dryandra Woodland	Other	Australia's Golden Outback	Wheatbelt	116.9089966	-32.79750061	Active	\N	\N	22
40	631	Drysdale River	National Park	Australia's North West	Kimberley	126.7210007	-15.0468998	Active	\N	\N	19
41	385	Dumbleyung Lake	Nature Reserve	Australia's Golden Outback	Wheatbelt	117.6149979	-33.34199905	Active	\N	\N	22
42	1130	Eighty Mile Beach	Marine Park	Australia's North West	Kimberley	120.8830032	-19.64259911	Active	\N	\N	4
43	286	Eucla	National Park	Australia's Golden Outback	Esperance & South East Coast	128.9669952	-31.67900085	Active	\N	\N	14
44	232	Fitzgerald River	National Park	Australia's Golden Outback	Esperance & South East Coast	119.6289978	-33.99259949	Active	\N	\N	3
45	1127	Forest Grove	National Park	Australia's South West	South West Capes & Blackwood River Valley	115.1330032	-34.09899902	Active	\N	\N	5
46	864	Francois Peron	National Park	Australia's Coral Coast	Shark Bay World Heritage Area	113.5070038	-25.69829941	Active	\N	\N	24
47	300	Frank Hann	National Park	Australia's Golden Outback	Esperance & South East Coast	120.3160019	-32.87720108	Active	\N	\N	14
48	994	Danggu	National Park	Australia's North West	Kimberley	125.7060013	-18.07579994	Active	\N	\N	35
49	535	Gloucester	National Park	Australia's South West	Donnelly	116.0619965	-34.44919968	Active	\N	\N	23
50	888	Gnangara	State Forest	Experience Perth	Perth Coast & Plain	115.8990021	-31.76079941	Active	\N	\N	25
51	36	Golden Valley Tree Park	National Park	Australia's South West	South West Capes & Blackwood River Valley	115.9950027	-33.80139923	Active	\N	\N	5
52	195	Goldfields Woodlands	National Park	Australia's Golden Outback	Kalgoorlie & Goldfields	120.4580002	-31.14220047	Active	\N	\N	17
53	196	Goongarrie	National Park	Australia's Golden Outback	Kalgoorlie & Goldfields	121.5029984	-29.98180008	Active	\N	\N	17
54	717	Gooseberry Hill	National Park	Experience Perth	Perth Hills	116.0469971	-31.94109917	Active	\N	\N	20
55	1114	Greater Beedelup	National Park	Australia's South West	Southern Forests - Pemberton	115.8639984	-34.37340164	Active	\N	\N	23
56	1150	Greater Hawke	National Park	Australia's South West	Southern Forests - Pemberton	115.9509964	-34.56480026	Active	\N	\N	23
57	716	Greenmount	National Park	Experience Perth	Perth Hills	116.0630035	-31.91069984	Active	\N	\N	20
58	259	Gull Rock	National Park	Australia's South West	Albany & Great Southern	118.0360031	-35.0033989	Active	\N	\N	3
59	859	Hamelin Pool	Marine Nature Reserve	Australia's Coral Coast	Shark Bay World Heritage Area	114.1019974	-26.21409988	Active	\N	\N	24
60	230	Hassell	National Park	Australia's South West	Albany & Great Southern	118.3290024	-34.67649841	Active	\N	\N	3
61	855	Helena	National Park	Experience Perth	Perth Hills	116.302002	-32.10990143	Active	\N	\N	20
62	902	Herdsman Lake	Regional Park	Experience Perth	Perth Coast & Plain	115.8069992	-31.92519951	Active	\N	\N	27
63	1129	Hilliger	National Park	Australia's South West	South West Capes & Blackwood River Valley	115.6959991	-34.23149872	Active	\N	\N	5
64	914	Hoffman	State Forest	Australia's South West	Geographe	116.0889969	-33.00230026	Active	\N	\N	13
65	903	Jandakot	Regional Park	Experience Perth	Perth Coast & Plain	115.9219971	-32.13990021	Active	\N	\N	27
66	538	Jane	National Park	Australia's South West	Southern Forests - Pemberton	116.2570038	-34.62630081	Active	\N	\N	23
67	710	John Forrest	National Park	Experience Perth	Perth Hills	116.0820007	-31.88229942	Active	\N	\N	20
68	386	Jurien Bay	Marine Park	Australia's Coral Coast	Cervantes & Jurien Bay	115.0370026	-30.28969955	Active	\N	\N	16
69	720	Kalamunda	National Park	Experience Perth	Perth Hills	116.0780029	-31.95940018	Active	\N	\N	20
70	699	Kalbarri	National Park	Australia's Coral Coast	Kalbarri	114.4759979	-27.64730072	Active	\N	\N	15
71	191	Kalgoorlie Arboretum	Other	Australia's Golden Outback	Kalgoorlie & Goldfields	121.4489975	-30.74410057	Active	\N	\N	17
72	420	Karijini	National Park	Australia's North West	Pilbara	118.3389969	-22.5442009	Active	\N	\N	6
73	414	Karlamilyi	National Park	Australia's North West	Pilbara	122.7369995	-22.33250046	Active	\N	\N	18
74	701	Kennedy Range	National Park	Australia's Golden Outback	Gascoyne	115.0540009	-24.57789993	Active	\N	\N	24
75	988	Wunaamin Conservation Park 	Conservation Park	Australia's North West	Kimberley	125.0289993	-16.88500023	Active	\N	\N	4
76	133	Kokerbin	Nature Reserve	Australia's Golden Outback	Wheatbelt	117.7060013	-31.88809967	Active	\N	\N	21
77	451	Korrelocking	Nature Reserve	Australia's Golden Outback	Wheatbelt	117.4560013	-31.17650032	Active	\N	\N	21
78	1046	Korung	National Park	Experience Perth	Perth Hills	116.052002	-32.02220154	Active	\N	\N	20
79	193	Lake Mason	Conservation Park	Australia's Golden Outback	Kalgoorlie & Goldfields	119.5210037	-27.58740044	Active	\N	\N	17
80	573	Lake Muir	National Park	Australia's South West	Southern Forests - Pemberton	116.6790009	-34.49349976	Active	\N	\N	23
81	1103	Lalang-gaddam/Horizontal Falls Marine Park 	Marine Park	Australia's North West	Kimberley	124.1679993	-15.7123003	Active	\N	\N	4
82	721	Lane Poole Reserve	Other	Experience Perth	Perth Hills	116.1419983	-32.87179947	Active	\N	\N	30
83	120	Leeuwin-Naturaliste	National Park	Australia's South West	South West Capes & Blackwood River Valley	115.0439987	-34.1352005	Active	\N	\N	5
84	868	Len Howard	Conservation Park	Experience Perth	Perth Coast & Plain	115.6940002	-32.5658989	Active	\N	\N	25
85	949	Leschenault Peninsula	Conservation Park	Australia's South West	Geographe	115.689003	-33.21839905	Active	\N	\N	13
86	395	Lesueur	National Park	Australia's Coral Coast	Cervantes & Jurien Bay	115.0459976	-30.08939934	Active	\N	\N	16
87	198	Lorna Glen	Other	Australia's Golden Outback	Kalgoorlie & Goldfields	121.4560013	-26.13369942	Active	\N	\N	17
88	871	Marmion	Marine Park	Experience Perth	Perth Coast & Plain	115.7330017	-31.82719994	Active	\N	\N	25
89	867	Matilda Bay Reserve	Other	Experience Perth	Perth Coast & Plain	115.8209991	-31.98069954	Active	\N	\N	27
90	1047	Midgegooroo	National Park	Experience Perth	Perth Hills	116.1500015	-32.1291008	Active	\N	\N	20
91	419	Millstream Chichester	National Park	Australia's North West	Pilbara	117.1480026	-21.29100037	Active	\N	\N	29
92	619	Mirima	National Park	Australia's North West	Kimberley	128.7720032	-15.77449989	Active	\N	\N	19
93	630	Mitchell River	National Park	Australia's North West	Kimberley	125.7050018	-14.83049965	Active	\N	\N	19
94	858	Monkey Mia	Reserve	Australia's Coral Coast	Shark Bay World Heritage Area	113.7099991	-25.80050087	Active	\N	\N	7
95	416	Montebello Islands	Marine Park	Australia's North West	Pilbara	115.473999	-20.4253006	Active	\N	\N	18
96	702	Mount Augustus	National Park	Australia's Golden Outback	Gascoyne	116.8499985	-24.33480072	Active	\N	\N	24
97	657	Mount Frankland	National Park	Australia's South West	Southern Forests - Walpole Wilderness	116.5619965	-34.70069885	Active	\N	\N	26
98	1015	Mount Frankland South	National Park	Australia's South West	Southern Forests - Walpole Wilderness	116.6119995	-34.85359955	Active	\N	\N	26
99	1016	Mount Lindesay	National Park	Australia's South West	Southern Forests - Walpole Wilderness	117.1949997	-34.82020187	Active	\N	\N	26
100	1133	Mt Frankland North	National Park	Australia's South West	Southern Forests - Walpole Wilderness	116.685997	-34.66450119	Active	\N	\N	26
101	1112	Mt Roe	National Park	Australia's South West	Albany & Great Southern	117.0080032	-34.70740128	Active	\N	\N	26
102	1003	Muiron Islands	Marine Management Area	Australia's Coral Coast	Ningaloo Coast World Heritage Area	114.3980026	-21.66060066	Active	\N	\N	34
103	12003	Munda Biddi Trail Collie	Other	Australia's South West	Wellington	116.1569977	-33.35770035	Active	\N	\N	13
104	12009	Munda Biddi Trail Denmark	Other	Australia's South West	Frankland	117.3499985	-34.96269989	Active	\N	\N	26
105	12001	Munda Biddi Trail Jarrahdale to Nanga	Other	Experience Perth	Perth Hills	116.1650009	-31.9041996	Active	\N	\N	20
106	12004	Munda Biddi Trail Jarrahwood	Other	Australia's South West	Blackwood	115.6660004	-33.79560089	Active	\N	\N	5
107	12005	Munda Biddi Trail Manjimup	Other	Australia's South West	Donnelly	116.1470032	-34.24160004	Active	\N	\N	23
108	12000	Munda Biddi Trail Mundaring to Jarrahdale	Other	Experience Perth	Perth Hills	116.1650009	-31.9041996	Active	\N	\N	20
109	12002	Munda Biddi Trail Nanga	Other	Experience Perth	Perth Hills	116.0930023	-32.80550003	Active	\N	\N	20
110	12006	Munda Biddi Trail Northcliffe	Other	Australia's South West	Donnelly	116.1240005	-34.6330986	Active	\N	\N	23
111	12007	Munda Biddi Trail Walpole	Other	Australia's South West	Frankland	116.7300034	-34.97589874	Active	\N	\N	26
112	1042	Mundy	Regional Park	Experience Perth	Perth Hills	116.0339966	-31.99609947	Active	\N	\N	27
113	1121	Murujuga	National Park	Australia's North West	Pilbara	116.8330002	-20.55830002	Active	\N	\N	18
114	387	Nambung	National Park	Australia's Coral Coast	Cervantes & Jurien Bay	115.1559982	-30.59020042	Active	\N	\N	9
115	884	Neerabup	National Park	Experience Perth	Perth Coast & Plain	115.7460022	-31.68670082	Active	\N	\N	25
116	1102	Ngari Capes	Marine Park	Australia's South West	South West Capes & Blackwood River Valley	114.947998	-33.97320175	Active	\N	\N	5
117	408	Ningaloo	Marine Park	Australia's Coral Coast	Ningaloo Coast World Heritage Area	113.7399979	-22.86179924	Active	\N	\N	34
118	1066	Northern Yilgarn Conservation Reserves	Nature Reserve	Australia's Golden Outback	Kalgoorlie & Goldfields	120.0940018	-30.48600006	Active	\N	\N	17
119	336	Nuytsland	Nature Reserve	Australia's Golden Outback	Esperance & South East Coast	124.7440033	-32.83919907	Active	\N	\N	14
120	489	One Tree Bridge	Other	Australia's South West	Southern Forests - Pemberton	115.9420013	-34.21519852	Active	\N	\N	23
121	384	Pallarup	Nature Reserve	Australia's Golden Outback	Wheatbelt	119.7509995	-33.23009872	Active	\N	\N	22
122	627	Parry Lagoons	Nature Reserve	Australia's North West	Kimberley	128.2870026	-15.67059994	Active	\N	\N	19
123	335	Peak Charles	National Park	Australia's Golden Outback	Esperance & South East Coast	121.1080017	-32.90859985	Active	\N	\N	14
124	883	Penguin Island	Conservation Park	Experience Perth	Perth Coast & Plain	115.6920013	-32.30530167	Active	\N	\N	25
125	233	Porongurup	National Park	Australia's South West	Albany & Great Southern	117.8909988	-34.68429947	Active	\N	\N	3
126	77	Powlalup	Nature Reserve	Australia's South West	South West Capes & Blackwood River Valley	115.913002	-33.85820007	Active	\N	\N	5
127	76	Preston	National Park	Australia's South West	Blackwood	116.1220016	-33.58729935	Active	\N	\N	5
128	1120	Prince Regent	National Park	Australia's North West	Kimberley	125.4039993	-15.47929955	Active	\N	\N	19
129	621	Purnululu	National Park	Australia's North West	Kimberley	128.5339966	-17.46190071	Active	\N	\N	10
130	73	Rapids	Conservation Park	Australia's South West	South West Capes & Blackwood River Valley	115.2949982	-33.89839935	Active	\N	\N	5
131	881	Rockingham Lakes	Regional Park	Experience Perth	Perth Coast & Plain	115.7649994	-32.37350082	Active	\N	\N	27
132	197	Rowles Lagoon	Conservation Park	Australia's Golden Outback	Kalgoorlie & Goldfields	120.8560028	-30.43390083	Active	\N	\N	17
133	996	Rowley Shoals	Marine Park	Australia's North West	Kimberley	118.9329987	-17.57819939	Active	\N	\N	4
134	465	Sandford Rocks	Nature Reserve	Australia's Golden Outback	Wheatbelt	118.75	-31.23069954	Active	\N	\N	21
135	85	Scott	National Park	Australia's South West	South West Capes & Blackwood River Valley	115.2259979	-34.25630188	Active	\N	\N	5
136	713	Serpentine	National Park	Experience Perth	Perth Hills	116.0090027	-32.36819839	Active	\N	\N	33
137	534	Shannon	National Park	Australia's South West	Southern Forests - Pemberton	116.3740005	-34.71080017	Active	\N	\N	23
138	1087	Shark Bay	Marine Park	Australia's Coral Coast	Shark Bay World Heritage Area	113.5230026	-25.93530083	Active	\N	\N	24
139	856	Shell Beach	Conservation Park	Australia's Coral Coast	Shark Bay World Heritage Area	113.7539978	-26.20179939	Active	\N	\N	24
140	878	Shoalwater Islands	Marine Park	Experience Perth	Perth Coast & Plain	115.711998	-32.31259918	Active	\N	\N	25
141	123	St John Brook	Conservation Park	Australia's South West	South West Capes & Blackwood River Valley	115.6869965	-33.94309998	Active	\N	\N	5
142	231	Stirling Range	National Park	Australia's South West	Albany & Great Southern	117.8990021	-34.39160156	Active	\N	\N	3
143	403	Stockyard Gully	Other	Australia's Coral Coast	Cervantes & Jurien Bay	115.098999	-29.93059921	Active	\N	\N	16
144	310	Stokes	National Park	Australia's Golden Outback	Esperance & South East Coast	121.086998	-33.83169937	Active	\N	\N	14
145	1155	Swan Canning Riverpark	Other	Experience Perth	Perth Coast & Plain	115.8399963	-31.99040031	Active	\N	\N	27
146	892	Swan Estuary	Marine Park	Experience Perth	Perth Coast & Plain	115.8270035	-31.98889923	Active	\N	\N	25
147	1083	Tathra	National Park	Australia's Coral Coast	Cervantes & Jurien Bay	115.5279999	-29.7758007	Active	\N	\N	16
148	1153	The Goat Farm	5(g) Reserve	Experience Perth	Perth Hills	116.0550003	-31.90270042	Active	\N	\N	20
149	170	Toolibin	Nature Reserve	Australia's Golden Outback	Wheatbelt	117.6090012	-32.91740036	Active	\N	\N	22
150	234	Torndirrup	National Park	Australia's South West	Albany & Great Southern	117.9550018	-35.10779953	Active	\N	\N	3
151	473	Totadgin	Nature Reserve	Australia's Golden Outback	Wheatbelt	118.2149963	-31.57290077	Active	\N	\N	21
152	121	Tuart Forest	National Park	Australia's South West	Geographe	115.4469986	-33.62139893	Active	\N	\N	5
153	998	Tunnel Creek	National Park	Australia's North West	Kimberley	125.1439972	-17.61070061	Active	\N	\N	4
154	267	Two Peoples Bay	Nature Reserve	Australia's South West	Albany & Great Southern	118.1549988	-34.965400700000004	Active	\N	\N	3
155	1061	Walpole and Nornalup Inlets	Marine Park	Australia's South West	Southern Forests - Walpole Wilderness	116.7279968	-35.00429916	Active	\N	\N	26
156	692	Walpole Nornalup	National Park	Australia's South West	Southern Forests - Walpole Wilderness	116.7979965	-34.96519852	Active	\N	\N	26
157	708	Walyunga	National Park	Experience Perth	Perth Hills	116.0650024	-31.72050095	Active	\N	\N	20
158	728	Wandoo	National Park	Experience Perth	Perth Hills	116.5589981	-31.92289925	Active	\N	\N	20
159	533	Warren	National Park	Australia's South West	Southern Forests - Pemberton	115.9349976	-34.50389862	Active	\N	\N	23
160	389	Watheroo	National Park	Australia's Coral Coast	Cervantes & Jurien Bay	115.8389969	-30.21240044	Active	\N	\N	16
161	210	Waychinicup	National Park	Australia's South West	Albany & Great Southern	118.3799973	-34.89429855	Active	\N	\N	3
162	960	Wellington	National Park	Australia's South West	Geographe	115.9550018	-33.36370087	Active	\N	\N	13
163	229	West Cape Howe	National Park	Australia's South West	Albany & Great Southern	117.6119995	-35.10559845	Active	\N	\N	3
164	1126	Whicher	National Park	Australia's South West	South West Capes & Blackwood River Valley	115.4820023	-33.78409958	Active	\N	\N	5
165	645	William Bay	National Park	Australia's South West	Albany & Great Southern	117.2519989	-35.01530075	Active	\N	\N	26
166	1128	Wiltshire-Butler	National Park	Australia's South West	South West Capes & Blackwood River Valley	115.4749985	-34.01350021	Active	\N	\N	5
167	997	Bandilngan (Windjana Gorge)	National Park	Australia's North West	Kimberley	124.9860001	-17.42149925	Active	\N	\N	4
168	618	Wolfe Creek Crater	National Park	Australia's North West	Kimberley	127.7959976	-19.17230034	Active	\N	\N	19
169	464	Wongan Hills	Nature Reserve	Australia's Golden Outback	Wheatbelt	116.6320038	-30.81019974	Active	\N	\N	21
170	890	Woodman Point	Regional Park	Experience Perth	Perth Coast & Plain	115.762001	-32.1257019	Active	\N	\N	27
171	346	Woody Island	Nature Reserve	Australia's Golden Outback	Esperance & South East Coast	122.0159988	-33.96250153	Active	\N	\N	2
172	1041	Wooroloo	Regional Park	Experience Perth	Perth Hills	116.1309967	-31.88319969	Active	\N	\N	27
173	1044	Wungong	Regional Park	Experience Perth	Perth Hills	116.0660019	-32.14960098	Active	\N	\N	27
174	893	Yalgorup	National Park	Experience Perth	Perth Coast & Plain	115.6740036	-32.8158989	Active	\N	\N	31
175	882	Yanchep	National Park	Experience Perth	Perth Coast & Plain	115.6829987	-31.5442009	Active	\N	\N	2
176	1080	Yawuru	Conservation Estate	Australia's North West	Kimberley	122.3450012	-17.97520065	Active	\N	\N	4
177	870	Yellagonga	Regional Park	Experience Perth	Perth Coast & Plain	115.7969971	-31.77930069	Active	\N	\N	27
178	1118	Yelverton	National Park	Australia's South West	South West Capes & Blackwood River Valley	115.0899963	-33.73419952	Active	\N	\N	5
179	448	Yorkrakine Rock	Nature Reserve	Australia's Golden Outback	Wheatbelt	117.5139999	-31.4211998	Active	\N	\N	21
181	1158	Ngamoowalem	Conservation Park	Kimberley	East Kimberley	128.476667	-15.798333	Active	\N	\N	19
182	1241	Houtman Abrolhos Islands	National Park	WESTERN AUSTRALIA	Coral Coast	113.732	-28.4408	Active	\N	\N	15
183	753	Marrinup	State Forrest	Experience Perth	Perth Hills	115.99	-32.664	Active	\N	\N	20
185	513	Easter 	National Park	South Coast	Donnelly	115.776	-34.1477	Active	\N	\N	23
186	497	Brockman National Park	National Park	South Coast	Donnelly	115.995	-34.5146	Active	\N	\N	23
187	1051	Edel Land (proposed) National Park	proposed National Park 	Coral Coast	Denham	113.323	-26.3361	Active	\N	\N	24
188	535	Gloucester 	National Park	South West	Donnelly	116.062	-34.4492	Active	\N	\N	23
189	679	Karara Rangeland Park 	Park	Midwest	Geraldton 	117.132	-28.8927	Active	\N	\N	15
190	959	Logue Brook	State Forest	South West	Collie	115.96	-33.0042	Active	\N	\N	13
191	20000	Nyinggulu (Ningaloo) Coastal Reserves	Reserve	Pilbara	Exmouth	113.816	-23.0727	Active	\N	\N	34
192	1321	Miluwindi Conservation Park 	Conservation Park	Australia's North West	Kimberley	125.209	-17.1721	Active	\N	\N	4
193	12008	Munda Biddi Trail Albany	Other	Australia's South Coast	Albany	117.864043	-35.0211518	Active	\N	\N	3
194	1029	Wanagarren Nature Reserve 	Nature Reserve	Australia's Coral Coast 	Jurien Bay 	115.145	-30.6861	Active	\N	\N	16
195	1301	Karda Reserve	Reserve	Australia's Coral Coast 	Jurien Bay 	115.256	-30.2026	Active	\N	\N	16
196	888	Pinjar	Swan Region	Swan Region	Swan Region	115.7926369	-31.6446135	Active	\N	\N	25
197	1064	Wallaroo Rock	Conservation Park	Goldfields	Kalgoorlie	120.4933	-30.80809	Active	\N	\N	17
198	188	Cave Hill	Nature Reserve	Goldfields	Kalgoorlie	121.22153	-31.65835	Active	\N	\N	17
199	1111	Nyinggulara	National Park	Pilbara	Exmouth	113.709	-22.7154	Active	\N	\N	34
200	1481	Mungada Ridge	National Park	Midwest	Murchison	116.927319	-29.11663614	Active	\N	\N	15
201	421	Purungunya (Ex-Meentheena Station)	Conservation Estate	Pilbara	Karratha	120.4668682	-21.29275836	Active	\N	\N	18
202	1561	Nanga-Malgana	National Park	Midwest	Gascoyne	113.6989589	-26.20176469	Active	\N	\N	24
\.


--
-- Data for Name: auth_group; Type: TABLE DATA; Schema: public; Owner: parkalerts_dev
--

COPY public.auth_group (id, name) FROM stdin;
\.


--
-- Data for Name: auth_group_permissions; Type: TABLE DATA; Schema: public; Owner: parkalerts_dev
--

COPY public.auth_group_permissions (id, group_id, permission_id) FROM stdin;
\.


--
-- Data for Name: auth_permission; Type: TABLE DATA; Schema: public; Owner: parkalerts_dev
--

COPY public.auth_permission (id, name, content_type_id, codename) FROM stdin;
1	Can add log entry	1	add_logentry
2	Can change log entry	1	change_logentry
3	Can delete log entry	1	delete_logentry
4	Can view log entry	1	view_logentry
5	Can add permission	2	add_permission
6	Can change permission	2	change_permission
7	Can delete permission	2	delete_permission
8	Can view permission	2	view_permission
9	Can add group	3	add_group
10	Can change group	3	change_group
11	Can delete group	3	delete_group
12	Can view group	3	view_group
13	Can add user	4	add_user
14	Can change user	4	change_user
15	Can delete user	4	delete_user
16	Can view user	4	view_user
17	Can add content type	5	add_contenttype
18	Can change content type	5	change_contenttype
19	Can delete content type	5	delete_contenttype
20	Can view content type	5	view_contenttype
21	Can add session	6	add_session
22	Can change session	6	change_session
23	Can delete session	6	delete_session
24	Can view session	6	view_session
25	Can add alert	7	add_alert
26	Can change alert	7	change_alert
27	Can delete alert	7	delete_alert
28	Can view alert	7	view_alert
29	Can add location	8	add_location
30	Can change location	8	change_location
31	Can delete location	8	delete_location
32	Can view location	8	view_location
33	Can add alert type	9	add_alerttype
34	Can change alert type	9	change_alerttype
35	Can delete alert type	9	delete_alerttype
36	Can view alert type	9	view_alerttype
37	Can add contact	10	add_contact
38	Can change contact	10	change_contact
39	Can delete contact	10	delete_contact
40	Can view contact	10	view_contact
\.


--
-- Data for Name: auth_user; Type: TABLE DATA; Schema: public; Owner: parkalerts_dev
--

COPY public.auth_user (id, password, last_login, is_superuser, username, first_name, last_name, email, is_staff, is_active, date_joined) FROM stdin;
1	pbkdf2_sha256$720000$DQ2ZZFrMtTPTykdorUkLSj$CSPqVEYBZx/WJniivvvUAbLCPBsyhUd6V0+hf8E86Gw=	2024-08-12 15:27:26.519603+08	t	admin			matt.cavana@dbca.wa.gov.au	t	t	2024-08-12 15:27:08.096894+08
\.


--
-- Data for Name: auth_user_groups; Type: TABLE DATA; Schema: public; Owner: parkalerts_dev
--

COPY public.auth_user_groups (id, user_id, group_id) FROM stdin;
\.


--
-- Data for Name: auth_user_user_permissions; Type: TABLE DATA; Schema: public; Owner: parkalerts_dev
--

COPY public.auth_user_user_permissions (id, user_id, permission_id) FROM stdin;
\.


--
-- Data for Name: contacts; Type: TABLE DATA; Schema: public; Owner: parkalerts_dev
--

COPY public.contacts (contactid, officename, email, phone, address, officehours, createdate, createdby, lastupdate, updatedby) FROM stdin;
2	Yanchep National Park	yanchep@dbca.wa.gov.au	+61 (08) 9303 7759	Yanchep National Park YANCHEP	8.30am to 5pm every day	2024-11-14 00:00:00	admin	\N	\N
3	Albany	albany@dbca.wa.gov.au	+61 (08) 9842 4500	120 Albany Highway ALBANY	Monday to Friday 8.30am to 4.30pm Closed weekends and public holidays.	2024-11-14 00:00:00	admin	\N	\N
4	Broome	broome@dbca.wa.gov.au	+61 (08) 9195 5500	111 Herbert Street BROOME	Monday to Friday 8.30am to 4.30pm Closed weekends and public holidays	2024-11-14 00:00:00	admin	\N	\N
5	Busselton	blackwood@dbca.wa.gov.au	+61 (08) 9752 5555	14 Queen Street BUSSELTON	Monday to Friday 8.30am to 4.30pm Closed weekends and public holidays	2024-11-14 00:00:00	admin	\N	\N
6	Karijini Visitor Centre	karijini@dbca.wa.gov.au	+61 (08) 9189 8121	Banjima Drive Karijini National Park	9am to 4pm every day	2024-11-14 00:00:00	admin	\N	\N
7	Monkey Mia Visitor Centre	denham@dbca.wa.gov.au	+61 (08) 9948 1366	Monkey Mia Road Monkey Mia	8am to 4pm every day	2024-11-14 00:00:00	admin	\N	\N
8	Milyering Visitor Centre	cape.range@dbca.wa.gov.au	+61 (08) 9949 2808	Yardie Creek Road Cape Range National Park	9.00am to 3.45pm Every day except Christmas Day	2024-11-14 00:00:00	admin	\N	\N
9	Pinnacles Desert Discovery Centre	pinnacles@dbca.wa.gov.au	+61 (08) 9652 7913	Nambung National Park	9.30am to 4.30pm Every day except Christmas Day	2024-11-14 00:00:00	admin	\N	\N
10	Purnululu Visitor Centre	purnululu@dbca.wa.gov.au	+61 (08) 9168 7300	Purnululu National Park	8am to 12noon & 1pm to 4.30pm every day in open season (Closed season: email and phone enquiries only Monday to Friday 8.30am to 4.30pm Closed weekends and public holidays)	2024-11-14 00:00:00	admin	\N	\N
11	Perth Hills Discovery Centre	perthhills@dbca.wa.gov.au	+61 (08) 9290 6100 	380 Allen Road MUNDARING	Monday to Thursday 10am to 4pm; Friday 10am to 3pm Closed weekends and public holidays	2024-11-14 00:00:00	admin	\N	\N
12	Valley of the Giants Tree Top Walk	ttw@dbca.wa.gov.au	+61 (08) 9840 8263	502 Valley of the Giants Road TINGLEDALE WA 6333	Every day 9am to 5pm Closed Christmas Day	2024-11-14 00:00:00	admin	\N	\N
13	Collie	wellington@dbca.wa.gov.au	+61 (08) 9735 1988	147 Wittenoom Street COLLIE	Monday to Friday 8.30am to 4.30pm Closed weekends and public holidays	2024-11-14 00:00:00	admin	\N	\N
14	Esperance	esperance_admin@dbca.wa.gov.au	+61 (08) 9083 2100	92 Dempster Street ESPERANCE	Monday to Friday 8.30am to 4.30pm Closed weekends and public holidays	2024-11-14 00:00:00	admin	\N	\N
15	Geraldton	geraldtonenquiries@dbca.wa.gov.au	(08) 9964 0901	The Foreshore Centre 201 Foreshore Drive GERALDTON	Monday to Friday 8.30am to 4.30pm Closed weekends and public holidays	2024-11-14 00:00:00	admin	\N	\N
16	Jurien Bay	jurien@dbca.wa.gov.au	+61 (08) 9688 6000	67 Bashford Street JURIEN BAY	Monday to Friday 8.30am to 4.30pm Closed weekends and public holidays	2024-11-14 00:00:00	admin	\N	\N
17	Kalgoorlie	kalgoorlie@dbca.wa.gov.au	+61 (08) 9080 5555	32 Brookman Street KALGOORLIE	Monday to Friday 8.30am to 4.30pm Closed weekends and public holidays	2024-11-14 00:00:00	admin	\N	\N
18	Karratha	karratha@dbca.wa.gov.au	+61 (08) 9182 2000	Lot 3 Anderson Road, Karratha Industrial Estate KARRATHA	Monday to Friday 8.30am to 4.30pm Closed weekends and public holidays	2024-11-14 00:00:00	admin	\N	\N
19	Kununurra	kununurra@dbca.wa.gov.au	+61 (08) 9168 4200	Lot 248 Ivanhoe Road KUNUNURRA	Monday to Friday 8.30am to 4.30pm Closed weekends and public holidays	2024-11-14 00:00:00	admin	\N	\N
20	Mundaring	mundaring@dbca.wa.gov.au	+61 (08) 9290 6100	275 Allen Road MUNDARING	Monday to Friday 8.30am to 4.30pm Closed weekends and public holidays	2024-11-14 00:00:00	admin	\N	\N
21	Merredin	merredin@dbca.wa.gov.au	+61 (08) 9041 6000	Corner Crooks Road & Great Eastern Highway MERREDIN	Monday to Friday 8.30am to 4.30pm Closed weekends and public holidays	2024-11-14 00:00:00	admin	\N	\N
22	Narrogin	narrogin@dbca.wa.gov.au	+61 (08) 9881 9200	Wald Street NARROGIN	Monday to Friday 8.30am to 4.30pm Closed weekends and public holidays	2024-11-14 00:00:00	admin	\N	\N
23	Pemberton	donnellyd@dbca.wa.gov.au	+61 (08) 9776 1207	Kennedy Street PEMBERTON	Monday to Friday 8.30am to 4.30pm Closed weekends and public holidays	2024-11-14 00:00:00	admin	\N	\N
24	Denham	sharkbayenquiries@dbca.wa.gov.au	+61 (08) 9948 2226	89 Knight Terrace DENHAM	Monday to Friday 8.30am to 4.30pm Closed weekends and public holidays	2024-11-14 00:00:00	admin	\N	\N
25	Wanneroo	wanneroo@dbca.wa.gov.au	+61 (08) 9303 7700	5 Dundebar Road WANNEROO	Monday to Friday 8am to 4.30pm Closed weekends and public holidays	2024-11-14 00:00:00	admin	\N	\N
26	Walpole	frankland.district@dbca.wa.gov.au	+61 (08) 9840 0400	South Coast Highway WALPOLE	Monday to Friday 8.30am to 4.30pm Closed weekends and public holidays	2024-11-14 00:00:00	admin	\N	\N
27	Regional Parks	regional.parks@dbca.wa.gov.au	+61 (08) 9442 0300	2 Australia II Drive CRAWLEY	Monday to Friday 8.30am to 4.30pm Closed weekends and public holidays	2024-11-14 00:00:00	admin	\N	\N
28	Recreation and Trails Unit	recreationandtrails@dbca.wa.gov.au	+61 (08) 9219 8265	N/A	Monday to Friday 8.30am to 4.30pm Closed weekends and public holidays	2024-11-14 00:00:00	admin	\N	\N
29	Millstream Chichester National Park	millstream-chichester@dbca.wa.gov.au	+61 (08) 9182 2000	Lot 3 Anderson Road, Karratha Industrial Estate KARRATHA	Monday to Friday 8.30am to 4.30pm Closed weekends and public holidays	2024-11-14 00:00:00	admin	\N	\N
30	Dwellingup	lanepoolereserve@dbca.wa.gov.au	+61 (08) 9538 1078	Banksiadale Road DWELLINGUP	Monday to Friday 8.30am to 4.30pm Closed weekends and public holidays	2024-11-14 00:00:00	admin	\N	\N
31	Mandurah	mandurah@dbca.wa.gov.au	+61 (08) 9303 7750	423 Pinjarra Road MANDURAH	Monday to Friday 8.30am to 4pm Closed weekends and public holidays	2024-11-14 00:00:00	admin	\N	\N
32	Mandurah Work Centre	martinstank@dbca.wa.gov.au	+61 (08) 9303 7750	423 Pinjarra Road MANDURAH WA 6210	Monday to Friday: 8.30am to 4.00pm Weekends and public holidays: closed	2024-11-14 00:00:00	admin	\N	\N
33	Serpentine National Park	mundaring@dbca.wa.gov.au	+61 (08) 9290 6100 	N/A	8.30am - 5pm daily	2024-11-14 00:00:00	admin	\N	\N
34	Exmouth District Office	exmouth@dbca.wa.gov.au	+61 (08) 9947 8000	20 Nimitz St Exmouth WA 6707	8:00 am to 5:00 am (Mon Fri)	2024-11-14 00:00:00	admin	\N	\N
35	Geikie Gorge	broome@dbca.wa.gov.au	(08) 9191 5112	N/A	NULL	2024-11-14 00:00:00	admin	\N	\N
36	Kirup Work Centre	blackwood@dbca.wa.gov.au	+61 (08) 9731 6232	South Western Highway, Kirup	Monday to Friday - 9:00am - 5:00pm Closed weekends and public holidays	2024-11-14 00:00:00	admin	\N	\N
\.


--
-- Data for Name: django_admin_log; Type: TABLE DATA; Schema: public; Owner: parkalerts_dev
--

COPY public.django_admin_log (id, action_time, object_id, object_repr, action_flag, change_message, content_type_id, user_id) FROM stdin;
\.


--
-- Data for Name: django_content_type; Type: TABLE DATA; Schema: public; Owner: parkalerts_dev
--

COPY public.django_content_type (id, app_label, model) FROM stdin;
1	admin	logentry
2	auth	permission
3	auth	group
4	auth	user
5	contenttypes	contenttype
6	sessions	session
7	alerts	alert
8	alerts	location
9	alerts	alerttype
10	alerts	contact
\.


--
-- Data for Name: django_migrations; Type: TABLE DATA; Schema: public; Owner: parkalerts_dev
--

COPY public.django_migrations (id, app, name, applied) FROM stdin;
1	contenttypes	0001_initial	2024-08-12 15:21:45.99338+08
2	auth	0001_initial	2024-08-12 15:21:46.108268+08
3	admin	0001_initial	2024-08-12 15:21:46.138847+08
4	admin	0002_logentry_remove_auto_add	2024-08-12 15:21:46.163592+08
5	admin	0003_logentry_add_action_flag_choices	2024-08-12 15:21:46.173879+08
6	alerts	0001_initial	2024-08-12 15:21:46.19009+08
7	alerts	0002_alert_publish_date	2024-08-12 15:21:46.19558+08
8	alerts	0003_location	2024-08-12 15:21:46.208437+08
9	alerts	0004_alerttype_alter_alert_alert_type	2024-08-12 15:21:46.250843+08
10	alerts	0005_alter_alert_location	2024-08-12 15:21:46.277671+08
11	alerts	0006_alter_alerttype_icon_url	2024-08-12 15:21:46.285868+08
12	alerts	0007_alter_alert_end_date	2024-08-12 15:21:46.295524+08
13	alerts	0008_alert_attachment	2024-08-12 15:21:46.305346+08
14	alerts	0009_alert_kml_file	2024-08-12 15:21:46.31623+08
15	alerts	0010_alert_affected_sites_alert_website_link	2024-08-12 15:21:46.341889+08
16	contenttypes	0002_remove_content_type_name	2024-08-12 15:21:46.370399+08
17	auth	0002_alter_permission_name_max_length	2024-08-12 15:21:46.382151+08
18	auth	0003_alter_user_email_max_length	2024-08-12 15:21:46.393105+08
19	auth	0004_alter_user_username_opts	2024-08-12 15:21:46.408191+08
20	auth	0005_alter_user_last_login_null	2024-08-12 15:21:46.44874+08
21	auth	0006_require_contenttypes_0002	2024-08-12 15:21:46.451747+08
22	auth	0007_alter_validators_add_error_messages	2024-08-12 15:21:46.46404+08
23	auth	0008_alter_user_username_max_length	2024-08-12 15:21:46.490684+08
24	auth	0009_alter_user_last_name_max_length	2024-08-12 15:21:46.50997+08
25	auth	0010_alter_group_name_max_length	2024-08-12 15:21:46.532055+08
26	auth	0011_update_proxy_permissions	2024-08-12 15:21:46.560906+08
27	auth	0012_alter_user_first_name_max_length	2024-08-12 15:21:46.578425+08
28	sessions	0001_initial	2024-08-12 15:21:46.613115+08
29	alerts	0011_contact	2024-11-14 15:06:59.763028+08
30	alerts	0012_alter_contact_address_alter_contact_contact_id_and_more	2024-11-14 15:57:50.516557+08
31	alerts	0013_auto_20241224_2003	2024-12-24 20:06:40.379758+08
32	alerts	0014_auto_set_default_parkid	2024-12-24 20:18:23.331763+08
33	alerts	0013_auto_20241224_2025	2024-12-24 20:27:47.394096+08
34	alerts	0013_auto_20241224_2034	2024-12-24 20:37:43.954218+08
35	alerts	0014_remove_location_email_remove_location_id_and_more	2024-12-24 20:37:43.964982+08
\.


--
-- Data for Name: django_session; Type: TABLE DATA; Schema: public; Owner: parkalerts_dev
--

COPY public.django_session (session_key, session_data, expire_date) FROM stdin;
leky66oyu3p1yo5ciycbw2qfmp56stj0	.eJxVjMsOwiAQRf-FtSFQHgWX7v0GMsxMpWogKe3K-O_apAvd3nPOfYkE21rS1nlJM4mz0OL0u2XAB9cd0B3qrUlsdV3mLHdFHrTLayN-Xg7376BAL9868oQhcPQ0WfTKewdRKwUEOWSLg2VSxsUxGBOND-xQaUZHbnQUBpPF-wPqzze2:1sdPSg:8oDwdWgCTgapR4DuZGV17qc4HeYhwRHh_tvUE9e7dVs	2024-08-26 15:27:26.523735+08
\.


--
-- Data for Name: spatial_ref_sys; Type: TABLE DATA; Schema: public; Owner: postgres
--

COPY public.spatial_ref_sys (srid, auth_name, auth_srid, srtext, proj4text) FROM stdin;
\.


--
-- Name: alerts_alert_id_seq; Type: SEQUENCE SET; Schema: public; Owner: parkalerts_dev
--

SELECT pg_catalog.setval('public.alerts_alert_id_seq', 12, true);


--
-- Name: alerts_alerttype_id_seq; Type: SEQUENCE SET; Schema: public; Owner: parkalerts_dev
--

SELECT pg_catalog.setval('public.alerts_alerttype_id_seq', 35, true);


--
-- Name: alerts_contact_contact_id_seq; Type: SEQUENCE SET; Schema: public; Owner: parkalerts_dev
--

SELECT pg_catalog.setval('public.alerts_contact_contact_id_seq', 1, false);


--
-- Name: alerts_location_parkid_seq; Type: SEQUENCE SET; Schema: public; Owner: parkalerts_dev
--

SELECT pg_catalog.setval('public.alerts_location_parkid_seq', 202, true);


--
-- Name: auth_group_id_seq; Type: SEQUENCE SET; Schema: public; Owner: parkalerts_dev
--

SELECT pg_catalog.setval('public.auth_group_id_seq', 1, false);


--
-- Name: auth_group_permissions_id_seq; Type: SEQUENCE SET; Schema: public; Owner: parkalerts_dev
--

SELECT pg_catalog.setval('public.auth_group_permissions_id_seq', 1, false);


--
-- Name: auth_permission_id_seq; Type: SEQUENCE SET; Schema: public; Owner: parkalerts_dev
--

SELECT pg_catalog.setval('public.auth_permission_id_seq', 40, true);


--
-- Name: auth_user_groups_id_seq; Type: SEQUENCE SET; Schema: public; Owner: parkalerts_dev
--

SELECT pg_catalog.setval('public.auth_user_groups_id_seq', 1, false);


--
-- Name: auth_user_id_seq; Type: SEQUENCE SET; Schema: public; Owner: parkalerts_dev
--

SELECT pg_catalog.setval('public.auth_user_id_seq', 1, true);


--
-- Name: auth_user_user_permissions_id_seq; Type: SEQUENCE SET; Schema: public; Owner: parkalerts_dev
--

SELECT pg_catalog.setval('public.auth_user_user_permissions_id_seq', 1, false);


--
-- Name: django_admin_log_id_seq; Type: SEQUENCE SET; Schema: public; Owner: parkalerts_dev
--

SELECT pg_catalog.setval('public.django_admin_log_id_seq', 1, false);


--
-- Name: django_content_type_id_seq; Type: SEQUENCE SET; Schema: public; Owner: parkalerts_dev
--

SELECT pg_catalog.setval('public.django_content_type_id_seq', 10, true);


--
-- Name: django_migrations_id_seq; Type: SEQUENCE SET; Schema: public; Owner: parkalerts_dev
--

SELECT pg_catalog.setval('public.django_migrations_id_seq', 35, true);


--
-- Name: alerts_alert alerts_alert_pkey; Type: CONSTRAINT; Schema: public; Owner: parkalerts_dev
--

ALTER TABLE ONLY public.alerts_alert
    ADD CONSTRAINT alerts_alert_pkey PRIMARY KEY (id);


--
-- Name: alerts_alerttype alerts_alerttype_pkey; Type: CONSTRAINT; Schema: public; Owner: parkalerts_dev
--

ALTER TABLE ONLY public.alerts_alerttype
    ADD CONSTRAINT alerts_alerttype_pkey PRIMARY KEY (id);


--
-- Name: alerts_alerttype alerts_alerttype_slug_key; Type: CONSTRAINT; Schema: public; Owner: parkalerts_dev
--

ALTER TABLE ONLY public.alerts_alerttype
    ADD CONSTRAINT alerts_alerttype_slug_key UNIQUE (slug);


--
-- Name: alerts_contact alerts_contact_pkey; Type: CONSTRAINT; Schema: public; Owner: parkalerts_dev
--

ALTER TABLE ONLY public.alerts_contact
    ADD CONSTRAINT alerts_contact_pkey PRIMARY KEY ("ContactId");


--
-- Name: alerts_location alerts_park_pkey; Type: CONSTRAINT; Schema: public; Owner: parkalerts_dev
--

ALTER TABLE ONLY public.alerts_location
    ADD CONSTRAINT alerts_park_pkey PRIMARY KEY (parkid);


--
-- Name: auth_group auth_group_name_key; Type: CONSTRAINT; Schema: public; Owner: parkalerts_dev
--

ALTER TABLE ONLY public.auth_group
    ADD CONSTRAINT auth_group_name_key UNIQUE (name);


--
-- Name: auth_group_permissions auth_group_permissions_group_id_permission_id_0cd325b0_uniq; Type: CONSTRAINT; Schema: public; Owner: parkalerts_dev
--

ALTER TABLE ONLY public.auth_group_permissions
    ADD CONSTRAINT auth_group_permissions_group_id_permission_id_0cd325b0_uniq UNIQUE (group_id, permission_id);


--
-- Name: auth_group_permissions auth_group_permissions_pkey; Type: CONSTRAINT; Schema: public; Owner: parkalerts_dev
--

ALTER TABLE ONLY public.auth_group_permissions
    ADD CONSTRAINT auth_group_permissions_pkey PRIMARY KEY (id);


--
-- Name: auth_group auth_group_pkey; Type: CONSTRAINT; Schema: public; Owner: parkalerts_dev
--

ALTER TABLE ONLY public.auth_group
    ADD CONSTRAINT auth_group_pkey PRIMARY KEY (id);


--
-- Name: auth_permission auth_permission_content_type_id_codename_01ab375a_uniq; Type: CONSTRAINT; Schema: public; Owner: parkalerts_dev
--

ALTER TABLE ONLY public.auth_permission
    ADD CONSTRAINT auth_permission_content_type_id_codename_01ab375a_uniq UNIQUE (content_type_id, codename);


--
-- Name: auth_permission auth_permission_pkey; Type: CONSTRAINT; Schema: public; Owner: parkalerts_dev
--

ALTER TABLE ONLY public.auth_permission
    ADD CONSTRAINT auth_permission_pkey PRIMARY KEY (id);


--
-- Name: auth_user_groups auth_user_groups_pkey; Type: CONSTRAINT; Schema: public; Owner: parkalerts_dev
--

ALTER TABLE ONLY public.auth_user_groups
    ADD CONSTRAINT auth_user_groups_pkey PRIMARY KEY (id);


--
-- Name: auth_user_groups auth_user_groups_user_id_group_id_94350c0c_uniq; Type: CONSTRAINT; Schema: public; Owner: parkalerts_dev
--

ALTER TABLE ONLY public.auth_user_groups
    ADD CONSTRAINT auth_user_groups_user_id_group_id_94350c0c_uniq UNIQUE (user_id, group_id);


--
-- Name: auth_user auth_user_pkey; Type: CONSTRAINT; Schema: public; Owner: parkalerts_dev
--

ALTER TABLE ONLY public.auth_user
    ADD CONSTRAINT auth_user_pkey PRIMARY KEY (id);


--
-- Name: auth_user_user_permissions auth_user_user_permissions_pkey; Type: CONSTRAINT; Schema: public; Owner: parkalerts_dev
--

ALTER TABLE ONLY public.auth_user_user_permissions
    ADD CONSTRAINT auth_user_user_permissions_pkey PRIMARY KEY (id);


--
-- Name: auth_user_user_permissions auth_user_user_permissions_user_id_permission_id_14a6b632_uniq; Type: CONSTRAINT; Schema: public; Owner: parkalerts_dev
--

ALTER TABLE ONLY public.auth_user_user_permissions
    ADD CONSTRAINT auth_user_user_permissions_user_id_permission_id_14a6b632_uniq UNIQUE (user_id, permission_id);


--
-- Name: auth_user auth_user_username_key; Type: CONSTRAINT; Schema: public; Owner: parkalerts_dev
--

ALTER TABLE ONLY public.auth_user
    ADD CONSTRAINT auth_user_username_key UNIQUE (username);


--
-- Name: contacts contacts_pkey; Type: CONSTRAINT; Schema: public; Owner: parkalerts_dev
--

ALTER TABLE ONLY public.contacts
    ADD CONSTRAINT contacts_pkey PRIMARY KEY (contactid);


--
-- Name: django_admin_log django_admin_log_pkey; Type: CONSTRAINT; Schema: public; Owner: parkalerts_dev
--

ALTER TABLE ONLY public.django_admin_log
    ADD CONSTRAINT django_admin_log_pkey PRIMARY KEY (id);


--
-- Name: django_content_type django_content_type_app_label_model_76bd3d3b_uniq; Type: CONSTRAINT; Schema: public; Owner: parkalerts_dev
--

ALTER TABLE ONLY public.django_content_type
    ADD CONSTRAINT django_content_type_app_label_model_76bd3d3b_uniq UNIQUE (app_label, model);


--
-- Name: django_content_type django_content_type_pkey; Type: CONSTRAINT; Schema: public; Owner: parkalerts_dev
--

ALTER TABLE ONLY public.django_content_type
    ADD CONSTRAINT django_content_type_pkey PRIMARY KEY (id);


--
-- Name: django_migrations django_migrations_pkey; Type: CONSTRAINT; Schema: public; Owner: parkalerts_dev
--

ALTER TABLE ONLY public.django_migrations
    ADD CONSTRAINT django_migrations_pkey PRIMARY KEY (id);


--
-- Name: django_session django_session_pkey; Type: CONSTRAINT; Schema: public; Owner: parkalerts_dev
--

ALTER TABLE ONLY public.django_session
    ADD CONSTRAINT django_session_pkey PRIMARY KEY (session_key);


--
-- Name: alerts_alert_alert_type_id_89a2fb4c; Type: INDEX; Schema: public; Owner: parkalerts_dev
--

CREATE INDEX alerts_alert_alert_type_id_89a2fb4c ON public.alerts_alert USING btree (alert_type_id);


--
-- Name: alerts_alert_location_id_653a2a7e; Type: INDEX; Schema: public; Owner: parkalerts_dev
--

CREATE INDEX alerts_alert_location_id_653a2a7e ON public.alerts_alert USING btree (location_id);


--
-- Name: alerts_alerttype_slug_8332fdf8_like; Type: INDEX; Schema: public; Owner: parkalerts_dev
--

CREATE INDEX alerts_alerttype_slug_8332fdf8_like ON public.alerts_alerttype USING btree (slug varchar_pattern_ops);


--
-- Name: auth_group_name_a6ea08ec_like; Type: INDEX; Schema: public; Owner: parkalerts_dev
--

CREATE INDEX auth_group_name_a6ea08ec_like ON public.auth_group USING btree (name varchar_pattern_ops);


--
-- Name: auth_group_permissions_group_id_b120cbf9; Type: INDEX; Schema: public; Owner: parkalerts_dev
--

CREATE INDEX auth_group_permissions_group_id_b120cbf9 ON public.auth_group_permissions USING btree (group_id);


--
-- Name: auth_group_permissions_permission_id_84c5c92e; Type: INDEX; Schema: public; Owner: parkalerts_dev
--

CREATE INDEX auth_group_permissions_permission_id_84c5c92e ON public.auth_group_permissions USING btree (permission_id);


--
-- Name: auth_permission_content_type_id_2f476e4b; Type: INDEX; Schema: public; Owner: parkalerts_dev
--

CREATE INDEX auth_permission_content_type_id_2f476e4b ON public.auth_permission USING btree (content_type_id);


--
-- Name: auth_user_groups_group_id_97559544; Type: INDEX; Schema: public; Owner: parkalerts_dev
--

CREATE INDEX auth_user_groups_group_id_97559544 ON public.auth_user_groups USING btree (group_id);


--
-- Name: auth_user_groups_user_id_6a12ed8b; Type: INDEX; Schema: public; Owner: parkalerts_dev
--

CREATE INDEX auth_user_groups_user_id_6a12ed8b ON public.auth_user_groups USING btree (user_id);


--
-- Name: auth_user_user_permissions_permission_id_1fbb5f2c; Type: INDEX; Schema: public; Owner: parkalerts_dev
--

CREATE INDEX auth_user_user_permissions_permission_id_1fbb5f2c ON public.auth_user_user_permissions USING btree (permission_id);


--
-- Name: auth_user_user_permissions_user_id_a95ead1b; Type: INDEX; Schema: public; Owner: parkalerts_dev
--

CREATE INDEX auth_user_user_permissions_user_id_a95ead1b ON public.auth_user_user_permissions USING btree (user_id);


--
-- Name: auth_user_username_6821ab7c_like; Type: INDEX; Schema: public; Owner: parkalerts_dev
--

CREATE INDEX auth_user_username_6821ab7c_like ON public.auth_user USING btree (username varchar_pattern_ops);


--
-- Name: django_admin_log_content_type_id_c4bce8eb; Type: INDEX; Schema: public; Owner: parkalerts_dev
--

CREATE INDEX django_admin_log_content_type_id_c4bce8eb ON public.django_admin_log USING btree (content_type_id);


--
-- Name: django_admin_log_user_id_c564eba6; Type: INDEX; Schema: public; Owner: parkalerts_dev
--

CREATE INDEX django_admin_log_user_id_c564eba6 ON public.django_admin_log USING btree (user_id);


--
-- Name: django_session_expire_date_a5c62663; Type: INDEX; Schema: public; Owner: parkalerts_dev
--

CREATE INDEX django_session_expire_date_a5c62663 ON public.django_session USING btree (expire_date);


--
-- Name: django_session_session_key_c0390e0f_like; Type: INDEX; Schema: public; Owner: parkalerts_dev
--

CREATE INDEX django_session_session_key_c0390e0f_like ON public.django_session USING btree (session_key varchar_pattern_ops);


--
-- Name: alerts_alert alerts_alert_alert_type_id_89a2fb4c_fk_alerts_alerttype_id; Type: FK CONSTRAINT; Schema: public; Owner: parkalerts_dev
--

ALTER TABLE ONLY public.alerts_alert
    ADD CONSTRAINT alerts_alert_alert_type_id_89a2fb4c_fk_alerts_alerttype_id FOREIGN KEY (alert_type_id) REFERENCES public.alerts_alerttype(id) DEFERRABLE INITIALLY DEFERRED;


--
-- Name: auth_group_permissions auth_group_permissio_permission_id_84c5c92e_fk_auth_perm; Type: FK CONSTRAINT; Schema: public; Owner: parkalerts_dev
--

ALTER TABLE ONLY public.auth_group_permissions
    ADD CONSTRAINT auth_group_permissio_permission_id_84c5c92e_fk_auth_perm FOREIGN KEY (permission_id) REFERENCES public.auth_permission(id) DEFERRABLE INITIALLY DEFERRED;


--
-- Name: auth_group_permissions auth_group_permissions_group_id_b120cbf9_fk_auth_group_id; Type: FK CONSTRAINT; Schema: public; Owner: parkalerts_dev
--

ALTER TABLE ONLY public.auth_group_permissions
    ADD CONSTRAINT auth_group_permissions_group_id_b120cbf9_fk_auth_group_id FOREIGN KEY (group_id) REFERENCES public.auth_group(id) DEFERRABLE INITIALLY DEFERRED;


--
-- Name: auth_permission auth_permission_content_type_id_2f476e4b_fk_django_co; Type: FK CONSTRAINT; Schema: public; Owner: parkalerts_dev
--

ALTER TABLE ONLY public.auth_permission
    ADD CONSTRAINT auth_permission_content_type_id_2f476e4b_fk_django_co FOREIGN KEY (content_type_id) REFERENCES public.django_content_type(id) DEFERRABLE INITIALLY DEFERRED;


--
-- Name: auth_user_groups auth_user_groups_group_id_97559544_fk_auth_group_id; Type: FK CONSTRAINT; Schema: public; Owner: parkalerts_dev
--

ALTER TABLE ONLY public.auth_user_groups
    ADD CONSTRAINT auth_user_groups_group_id_97559544_fk_auth_group_id FOREIGN KEY (group_id) REFERENCES public.auth_group(id) DEFERRABLE INITIALLY DEFERRED;


--
-- Name: auth_user_groups auth_user_groups_user_id_6a12ed8b_fk_auth_user_id; Type: FK CONSTRAINT; Schema: public; Owner: parkalerts_dev
--

ALTER TABLE ONLY public.auth_user_groups
    ADD CONSTRAINT auth_user_groups_user_id_6a12ed8b_fk_auth_user_id FOREIGN KEY (user_id) REFERENCES public.auth_user(id) DEFERRABLE INITIALLY DEFERRED;


--
-- Name: auth_user_user_permissions auth_user_user_permi_permission_id_1fbb5f2c_fk_auth_perm; Type: FK CONSTRAINT; Schema: public; Owner: parkalerts_dev
--

ALTER TABLE ONLY public.auth_user_user_permissions
    ADD CONSTRAINT auth_user_user_permi_permission_id_1fbb5f2c_fk_auth_perm FOREIGN KEY (permission_id) REFERENCES public.auth_permission(id) DEFERRABLE INITIALLY DEFERRED;


--
-- Name: auth_user_user_permissions auth_user_user_permissions_user_id_a95ead1b_fk_auth_user_id; Type: FK CONSTRAINT; Schema: public; Owner: parkalerts_dev
--

ALTER TABLE ONLY public.auth_user_user_permissions
    ADD CONSTRAINT auth_user_user_permissions_user_id_a95ead1b_fk_auth_user_id FOREIGN KEY (user_id) REFERENCES public.auth_user(id) DEFERRABLE INITIALLY DEFERRED;


--
-- Name: django_admin_log django_admin_log_content_type_id_c4bce8eb_fk_django_co; Type: FK CONSTRAINT; Schema: public; Owner: parkalerts_dev
--

ALTER TABLE ONLY public.django_admin_log
    ADD CONSTRAINT django_admin_log_content_type_id_c4bce8eb_fk_django_co FOREIGN KEY (content_type_id) REFERENCES public.django_content_type(id) DEFERRABLE INITIALLY DEFERRED;


--
-- Name: django_admin_log django_admin_log_user_id_c564eba6_fk_auth_user_id; Type: FK CONSTRAINT; Schema: public; Owner: parkalerts_dev
--

ALTER TABLE ONLY public.django_admin_log
    ADD CONSTRAINT django_admin_log_user_id_c564eba6_fk_auth_user_id FOREIGN KEY (user_id) REFERENCES public.auth_user(id) DEFERRABLE INITIALLY DEFERRED;


--
-- Name: SCHEMA public; Type: ACL; Schema: -; Owner: pg_database_owner
--

GRANT ALL ON SCHEMA public TO parkalerts_dev;


--
-- PostgreSQL database dump complete
--

